{
	"name":"HelloWorld",
	"id":"266269999",
	"previewImg":"preview",
	"elementsNormal":[
		{
			"type":"element",
			"x":0,
			"y":0,
			"image":"image_0000"
		},
		{
			"type":"widge_dignum",
			"x":88,
			"y":28,
			"showCount":3,
			"align":1,
			"showZero":false,
			"dataSrc":"0841",
			"imageList":[
				"imagelist_0000_0000",
				"imagelist_0000_0001",
				"imagelist_0000_0002",
				"imagelist_0000_0003",
				"imagelist_0000_0004",
				"imagelist_0000_0005",
				"imagelist_0000_0006",
				"imagelist_0000_0007",
				"imagelist_0000_0008",
				"imagelist_0000_0009"
			],
			"image":"image_0001"
		},
		{
			"type":"element",
			"x":53,
			"y":59,
			"image":"image_0002"
		},
		{
			"type":"element",
			"x":86,
			"y":99,
			"image":"image_0003"
		},
		{
			"type":"widge_dignum",
			"x":61,
			"y":275,
			"showCount":3,
			"align":1,
			"showZero":false,
			"dataSrc":"0822",
			"imageList":[
				"imagelist_0001_0000",
				"imagelist_0001_0001",
				"imagelist_0001_0002",
				"imagelist_0001_0003",
				"imagelist_0001_0004",
				"imagelist_0001_0005",
				"imagelist_0001_0006",
				"imagelist_0001_0007",
				"imagelist_0001_0008",
				"imagelist_0001_0009"
			],
			"image":"image_0004"
		},
		{
			"type":"widge_dignum",
			"x":60,
			"y":321,
			"showCount":5,
			"align":1,
			"showZero":false,
			"dataSrc":"0823",
			"imageList":[
				"imagelist_0002_0000",
				"imagelist_0002_0001",
				"imagelist_0002_0002",
				"imagelist_0002_0003",
				"imagelist_0002_0004",
				"imagelist_0002_0005",
				"imagelist_0002_0006",
				"imagelist_0002_0007",
				"imagelist_0002_0008",
				"imagelist_0002_0009"
			],
			"image":"image_0005"
		},
		{
			"type":"widge_dignum",
			"x":58,
			"y":365,
			"showCount":5,
			"align":1,
			"showZero":false,
			"dataSrc":"0821",
			"imageList":[
				"imagelist_0003_0000",
				"imagelist_0003_0001",
				"imagelist_0003_0002",
				"imagelist_0003_0003",
				"imagelist_0003_0004",
				"imagelist_0003_0005",
				"imagelist_0003_0006",
				"imagelist_0003_0007",
				"imagelist_0003_0008",
				"imagelist_0003_0009"
			],
			"image":"image_0006"
		},
		{
			"type":"widge_dignum",
			"x":57,
			"y":59,
			"showCount":2,
			"align":0,
			"showZero":true,
			"dataSrc":"1012",
			"imageList":[
				"imagelist_0004_0000",
				"imagelist_0004_0001",
				"imagelist_0004_0002",
				"imagelist_0004_0003",
				"imagelist_0004_0004",
				"imagelist_0004_0005",
				"imagelist_0004_0006",
				"imagelist_0004_0007",
				"imagelist_0004_0008",
				"imagelist_0004_0009"
			]
		},
		{
			"type":"widge_dignum",
			"x":68,
			"y":59,
			"showCount":2,
			"align":1,
			"showZero":true,
			"dataSrc":"1812",
			"imageList":[
				"imagelist_0005_0000",
				"imagelist_0005_0001",
				"imagelist_0005_0002",
				"imagelist_0005_0003",
				"imagelist_0005_0004",
				"imagelist_0005_0005",
				"imagelist_0005_0006",
				"imagelist_0005_0007",
				"imagelist_0005_0008",
				"imagelist_0005_0009"
			]
		},
		{
			"type":"widge_imagelist",
			"x":110,
			"y":59,
			"dataSrc":"2012",
			"imageList":[
				"imagelist_0006_0000",
				"imagelist_0006_0001",
				"imagelist_0006_0002",
				"imagelist_0006_0003",
				"imagelist_0006_0004",
				"imagelist_0006_0005",
				"imagelist_0006_0006"
			]
		},
		{
			"type":"widge_imagelist",
			"x":4,
			"y":99,
			"dataSrc":"0A11",
			"imageList":[
				"imagelist_0007_0000",
				"imagelist_0007_0001",
				"imagelist_0007_0002",
				"imagelist_0007_0003",
				"imagelist_0007_0004",
				"imagelist_0007_0005",
				"imagelist_0007_0006",
				"imagelist_0007_0007",
				"imagelist_0007_0008",
				"imagelist_0007_0009"
			]
		},
		{
			"type":"widge_imagelist",
			"x":44,
			"y":99,
			"dataSrc":"0911",
			"imageList":[
				"imagelist_0008_0000",
				"imagelist_0008_0001",
				"imagelist_0008_0002",
				"imagelist_0008_0003",
				"imagelist_0008_0004",
				"imagelist_0008_0005",
				"imagelist_0008_0006",
				"imagelist_0008_0007",
				"imagelist_0008_0008",
				"imagelist_0008_0009"
			]
		},
		{
			"type":"widge_imagelist",
			"x":99,
			"y":99,
			"dataSrc":"1211",
			"imageList":[
				"imagelist_0009_0000",
				"imagelist_0009_0001",
				"imagelist_0009_0002",
				"imagelist_0009_0003",
				"imagelist_0009_0004",
				"imagelist_0009_0005",
				"imagelist_0009_0006",
				"imagelist_0009_0007",
				"imagelist_0009_0008",
				"imagelist_0009_0009"
			]
		},
		{
			"type":"widge_imagelist",
			"x":143,
			"y":99,
			"dataSrc":"1111",
			"imageList":[
				"imagelist_0010_0000",
				"imagelist_0010_0001",
				"imagelist_0010_0002",
				"imagelist_0010_0003",
				"imagelist_0010_0004",
				"imagelist_0010_0005",
				"imagelist_0010_0006",
				"imagelist_0010_0007",
				"imagelist_0010_0008",
				"imagelist_0010_0009"
			]
		},
		{
			"type":"type_element_js",
			"x":45,
			"y":414,
			"image":"image_0007",
			"jsFileName":"snake.js",
			"jsImgList":[
				"reset.bin",
				"bg.bin",
				"head.bin",
				"body.bin",
				"food.bin",
				"over.bin"
			]
		}
	],
	"elementsAod":[
		{
			"type":"element",
			"x":0,
			"y":0,
			"image":"image_0000"
		},
		{
			"type":"widge_dignum",
			"x":87,
			"y":93,
			"showCount":3,
			"align":1,
			"showZero":false,
			"dataSrc":"0841",
			"imageList":[
				"imagelist_0000_0000",
				"imagelist_0000_0001",
				"imagelist_0000_0002",
				"imagelist_0000_0003",
				"imagelist_0000_0004",
				"imagelist_0000_0005",
				"imagelist_0000_0006",
				"imagelist_0000_0007",
				"imagelist_0000_0008",
				"imagelist_0000_0009"
			],
			"image":"image_0001"
		},
		{
			"type":"widge_imagelist",
			"x":112,
			"y":320,
			"dataSrc":"2012",
			"imageList":[
				"imagelist_0001_0000",
				"imagelist_0001_0001",
				"imagelist_0001_0002",
				"imagelist_0001_0003",
				"imagelist_0001_0004",
				"imagelist_0001_0005",
				"imagelist_0001_0006"
			]
		},
		{
			"type":"widge_dignum",
			"x":42,
			"y":321,
			"showCount":2,
			"align":1,
			"showZero":true,
			"dataSrc":"1012",
			"imageList":[
				"imagelist_0002_0000",
				"imagelist_0002_0001",
				"imagelist_0002_0002",
				"imagelist_0002_0003",
				"imagelist_0002_0004",
				"imagelist_0002_0005",
				"imagelist_0002_0006",
				"imagelist_0002_0007",
				"imagelist_0002_0008",
				"imagelist_0002_0009"
			]
		},
		{
			"type":"widge_dignum",
			"x":77,
			"y":321,
			"showCount":2,
			"align":1,
			"showZero":true,
			"dataSrc":"1812",
			"imageList":[
				"imagelist_0003_0000",
				"imagelist_0003_0001",
				"imagelist_0003_0002",
				"imagelist_0003_0003",
				"imagelist_0003_0004",
				"imagelist_0003_0005",
				"imagelist_0003_0006",
				"imagelist_0003_0007",
				"imagelist_0003_0008",
				"imagelist_0003_0009"
			]
		},
		{
			"type":"widge_dignum",
			"x":36,
			"y":134,
			"showCount":2,
			"align":1,
			"showZero":false,
			"dataSrc":"0A11",
			"imageList":[
				"imagelist_0004_0000",
				"imagelist_0004_0001",
				"imagelist_0004_0002",
				"imagelist_0004_0003",
				"imagelist_0004_0004",
				"imagelist_0004_0005",
				"imagelist_0004_0006",
				"imagelist_0004_0007",
				"imagelist_0004_0008",
				"imagelist_0004_0009"
			]
		},
		{
			"type":"widge_dignum",
			"x":97,
			"y":134,
			"showCount":2,
			"align":1,
			"showZero":false,
			"dataSrc":"0911",
			"imageList":[
				"imagelist_0005_0000",
				"imagelist_0005_0001",
				"imagelist_0005_0002",
				"imagelist_0005_0003",
				"imagelist_0005_0004",
				"imagelist_0005_0005",
				"imagelist_0005_0006",
				"imagelist_0005_0007",
				"imagelist_0005_0008",
				"imagelist_0005_0009"
			]
		},
		{
			"type":"widge_dignum",
			"x":36,
			"y":225,
			"showCount":2,
			"align":1,
			"showZero":false,
			"dataSrc":"1211",
			"imageList":[
				"imagelist_0006_0000",
				"imagelist_0006_0001",
				"imagelist_0006_0002",
				"imagelist_0006_0003",
				"imagelist_0006_0004",
				"imagelist_0006_0005",
				"imagelist_0006_0006",
				"imagelist_0006_0007",
				"imagelist_0006_0008",
				"imagelist_0006_0009"
			]
		},
		{
			"type":"widge_dignum",
			"x":97,
			"y":225,
			"showCount":2,
			"align":1,
			"showZero":false,
			"dataSrc":"1111",
			"imageList":[
				"imagelist_0007_0000",
				"imagelist_0007_0001",
				"imagelist_0007_0002",
				"imagelist_0007_0003",
				"imagelist_0007_0004",
				"imagelist_0007_0005",
				"imagelist_0007_0006",
				"imagelist_0007_0007",
				"imagelist_0007_0008",
				"imagelist_0007_0009"
			]
		},
		{
			"type":"widge_imagelist",
			"x":65,
			"y":321,
			"dataSrc":"0813",
			"imageList":[
				"imagelist_0008_0000",
				"imagelist_0008_0001"
			]
		},
		{
			"type":"widge_imagelist",
			"x":69,
			"y":93,
			"dataSrc":"0813",
			"imageList":[
				"imagelist_0009_0000",
				"imagelist_0009_0001"
			]
		}
	]
}
